Time,PM1.0,PM2.5,PM10,Temperature,Gas,Relative Humidity,Pressure,Altitude
1708126275.0249565,1,3,3,33.220625,1352295,100,612.4468983442713,4050.044322149252
1708126276.036027,1,3,3,24.3415234375,192676,44.12269998733575,1007.6328656050107,46.87179738299017
1708126277.0470805,1,3,3,24.3719921875,194476,44.06223495069343,1007.623253455221,46.95218644540782
1708126278.058789,1,3,3,24.406953125,196311,43.944172336868064,1007.6178226806024,46.997605787385034
1708126279.0716536,1,3,3,24.440546875,198890,43.82021568030175,1007.6185531839002,46.99149633816761
1708126280.085227,1,3,3,24.470234375,199605,43.69008618660529,1007.6245543634234,46.94130655462201
1708126281.0989916,1,3,3,24.4954296875,201538,43.57113202660819,1007.628061614772,46.911974402026544
1708126282.1131198,1,3,3,24.5176953125,202642,43.457715090279535,1007.6266264438152,46.92397713985903
1708126283.1244256,1,3,3,24.5378125,204007,43.33832983456743,1007.6113976898508,47.051340339589345
1708126284.1355312,1,3,3,24.5559765625,205391,43.23616694034829,1007.6132113759122,47.03617179029902
1708126285.1466143,1,3,3,24.57140625,206922,43.15689469376751,1007.6121083889225,47.045396489158
1708126286.1576748,1,3,3,24.58546875,208477,43.08328522819366,1007.6120890822416,47.04555795833198
1708126287.1687574,1,3,3,24.5977734375,210187,43.00372410228464,1007.6175800739967,46.999634790296
1708126288.1814828,1,3,3,24.607734375,210986,42.92971126260065,1007.610644221095,47.05764189309324
1708126289.1944408,1,3,3,24.6157421875,212061,42.87283837305419,1007.6122799382201,47.04396175672965
1708126290.2072947,1,3,3,24.6219921875,214106,42.82155992390082,1007.6160369413112,47.01254055165319
1708126291.2212195,1,3,3,24.6294140625,215771,42.7646552875875,1007.6166844117881,47.00712552639655
1708126292.2342396,2,3,3,24.6364453125,217036,42.69618202838758,1007.6234533273399,46.950514853372894
1708126293.2471848,2,3,3,24.6430859375,217888,42.66230817760827,1007.6244783863699,46.9419419735033
1708126294.2583313,2,3,3,24.6489453125,220339,42.60527837910476,1007.6140156295024,47.02944551740447
1708126295.2693567,1,3,3,24.6540234375,219902,42.559711939758984,1007.6124060855407,47.04290673853572
1708126296.280854,1,3,3,24.6598828125,221659,42.496951004900865,1007.6171988241955,47.0028233149797
1708126297.294029,1,3,3,24.6630078125,223294,42.46271932427401,1007.6122963682951,47.04382434573687
1708126298.3051314,2,3,3,24.660859375,224196,42.41637789594623,1007.6120646849515,47.04576200222417
1708126299.3189096,2,3,3,24.6555859375,225410,42.38121924610629,1007.6031744945466,47.12011434021973
1708126300.332889,2,3,3,24.6524609375,226637,42.352068958925514,1007.6080768332349,47.07911398921192
1708126301.346548,2,3,3,24.6485546875,227877,42.340112309635245,1007.6031865559859,47.12001346506
1708126302.3601317,2,3,3,24.6442578125,228660,42.33387142422751,1007.6061131173464,47.09553736400488
1708126303.3733258,2,3,3,24.6458203125,229605,42.33404671574915,1007.6019669617798,47.13021347697598
1708126304.3868592,2,3,3,24.6501171875,231521,42.3460466736789,1007.6024305204988,47.1263365268643
1708126305.3999379,2,3,3,24.6567578125,232167,42.3640704668647,1007.6085403096383,47.07523774656816
1708126306.4127343,2,3,3,24.6630078125,232816,42.37629232312783,1007.6004304878054,47.14306371038217
1708126307.4256606,2,3,3,24.6712109375,234455,42.3944956132579,1007.6040886486305,47.112468867158476
1708126308.439346,1,2,2,24.6815625,235783,42.41870465688429,1007.596111883267,47.1791822569927
1708126309.4530787,1,2,2,24.6925,235783,42.46027339664339,1007.5891221325961,47.23764113653224
1708126310.4664729,1,3,3,24.70265625,236789,42.50753104324443,1007.5825098758136,47.292943142785276
1708126311.4792402,1,3,3,24.7118359375,237126,42.59506662351635,1007.5759460235059,47.347840605951355
1708126312.4918509,1,3,3,24.71671875,238143,42.79185670826562,1007.5655290551102,47.43496460170796
1708126313.5046885,1,2,2,24.717109375,239686,42.98258950326572,1007.5678827825326,47.41527875890224
1708126314.5173163,1,2,2,24.7130078125,240725,43.07465607399417,1007.5694451763453,47.40221140441519
1708126315.5303342,2,3,3,24.7016796875,241774,43.06758224897045,1007.557130530051,47.50520755203995
1708126316.5442405,2,3,3,24.69015625,242301,43.008437055950175,1007.5733047967257,47.36993086322164
1708126317.558413,2,3,3,24.6878125,242125,42.96769892336038,1007.5710490600748,47.388797058798
1708126318.5711982,2,3,3,24.6844921875,243720,43.10033637221982,1007.5705374531443,47.39307596570573
1708126319.5841281,2,3,3,24.6731640625,244795,43.232163905534904,1007.5650024813195,47.439368705927635
1708126320.5979235,2,3,3,24.659296875,245336,43.25374261823084,1007.5602722220599,47.47893124991285
1708126321.6108677,2,3,3,24.645234375,246425,43.228977470687006,1007.558602204738,47.49289883605273
1708126322.6242712,1,2,2,24.6348828125,246973,43.2046401953374,1007.5309813983623,47.72391472307602
1708126323.638341,1,2,2,24.6235546875,248633,43.23808389226223,1007.5118848900034,47.88363778014684
1708126324.6518803,1,2,2,24.605,249191,43.23017808164246,1007.5077258418326,47.91842435388303
1708126325.6649563,1,2,2,24.5782421875,250127,43.19818440970659,1007.506685579531,47.92712519969163
1708126326.6777756,1,2,2,24.5493359375,250880,43.125453255726185,1007.4952409022211,48.022849972248395
1708126327.690727,1,2,2,24.5176953125,251259,43.04088505572139,1007.4876573252897,48.08628048304434
1708126328.7036762,1,2,2,24.4903515625,251259,42.93951895509788,1007.4822303924873,48.131672640667546
1708126329.716596,2,3,3,24.456171875,252785,42.87210077593932,1007.483915580568,48.117577305277685
1708126330.7294834,2,3,3,24.420625,254135,42.76992754222608,1007.4866791533537,48.09446213130437
1708126331.7424836,2,3,3,24.3878125,255696,42.69697945866678,1007.4652425519802,48.273764261797155
1708126332.754726,2,3,3,24.355,254718,42.618304697187625,1007.4404146889133,48.481435777895676
1708126333.7671895,2,3,3,24.323359375,255696,42.557097336725526,1007.4107835947627,48.72928912316474
1708126334.7801256,2,3,3,24.2911328125,257078,42.49585304292804,1007.3869395358197,48.92874030603712
1708126335.7926142,2,3,3,24.2575390625,258675,42.451762374220756,1007.3573997503095,49.17584049894944
1708126336.805508,2,3,3,24.2216015625,258876,42.40742609804076,1007.3222119842764,49.47019368445109
1708126337.8184187,1,3,3,24.1833203125,258274,42.37435724918781,1007.2881518868994,49.75512161033937
1708126338.8313026,1,3,3,24.1440625,260700,42.35270059197087,1007.272767657477,49.88382011763598
1708126339.8453116,1,3,3,24.1040234375,260700,42.33096310235787,1007.2425117592709,50.13693389147202
1708126340.8593771,1,2,2,24.0659375,262343,42.31520329936516,1007.2121589713925,50.390864407586456
1708126341.872806,1,2,2,24.0286328125,263380,42.29953495816919,1007.183120754931,50.63380305794511
1708126342.8866482,1,2,2,23.9915234375,262136,42.30114816008218,1007.1510223490752,50.9023503718629
1708126343.900507,0,1,2,23.9548046875,262964,42.29130238042939,1007.1128072134269,51.222081580466416
1708126344.9141998,0,1,2,23.9192578125,265268,42.287340784476044,1007.0799529787926,51.496968064031215
1708126345.9271562,0,1,2,23.88234375,265904,42.30048116355231,1007.0464841710302,51.777004055595675
1708126346.940062,1,2,3,23.845625,265692,42.30214161583509,1007.0116495335601,52.06847604887969
1708126347.9528894,1,2,3,23.8034375,266329,42.31469571750924,1006.9879044653694,52.2671629265448
1708126348.9657378,1,2,3,23.76046875,269345,42.32141255075426,1006.9713006990659,52.40609720852718
1708126349.9787073,1,2,3,23.7190625,269781,42.33980631894137,1006.9505556281895,52.57968702867842
1708126350.9916372,1,2,3,23.678828125,269781,42.364083445000006,1006.9334745855123,52.72261930584272
1708126352.004531,1,2,3,23.638984375,270658,42.371150106734795,1006.9085851794653,52.930894619206036
1708126353.0174243,1,2,3,23.5977734375,273324,42.40107329689382,1006.8847704012765,53.130181316198275
1708126354.0303423,0,1,2,23.558515625,272429,42.45998541541807,1006.8523999779504,53.40106943577474
1708126355.0432093,0,1,2,23.521796875,272876,42.5940397889125,1006.8175408638608,53.69279176023806
1708126356.0566678,0,1,2,23.4848828125,274903,42.45753510274252,1006.7806582637454,54.00145675395943
1708126357.0698152,1,2,3,23.4440625,275358,42.487510728003315,1006.7490283881976,54.26616977001894
1708126358.0829484,1,2,3,23.406953125,276042,42.52365813596154,1006.7185791787692,54.521008056500214
1708126359.0970762,1,2,3,23.3712109375,277191,42.55420715609883,1006.6904334980303,54.75657299239053
1708126360.1108716,1,2,3,23.33703125,276961,42.59069071871946,1006.6632292662778,54.98426355054831
1708126361.122529,1,2,3,23.3040234375,281170,42.615795100549164,1006.6346163952097,55.22374933683761
1708126362.1354086,1,2,4,23.2704296875,279283,42.646594595756,1006.6050132203154,55.47152963094896
1708126363.1483483,1,2,4,23.2383984375,281884,42.689090742345314,1006.5763524582444,55.711427496514425
1708126364.1624804,1,2,4,23.20578125,281884,42.725768708894684,1006.5416277477435,56.00208956224918
1708126365.176219,1,2,3,23.1739453125,283082,42.76253954076509,1006.5082196881486,56.28173830764229
1708126366.1903129,1,2,3,23.14171875,286985,42.805034995766945,1006.4792248104568,56.52445173650174
1708126367.2040162,1,2,3,23.106171875,284047,42.84716695452327,1006.4547732791642,56.72913763490008
1708126368.217937,1,2,3,23.06984375,286245,42.883454011208784,1006.4374554878044,56.874108810667295
1708126369.2320428,1,2,3,23.034296875,287232,42.914068034835445,1006.424833376872,56.97977264865431
1708126370.2463217,1,2,3,23.000703125,288226,42.956437580209084,1006.423955714539,56.98711988832825
1708126371.2602205,1,2,3,22.9661328125,287977,43.004473579945234,1006.4163536093494,57.05076017145077
1708126372.2753103,1,2,3,22.9341015625,287977,43.04126549453539,1006.4197930572254,57.02196712035502
1708126373.288851,1,2,3,22.9034375,290997,43.08398675951008,1006.420462918693,57.01635944020584
1708126374.3017628,1,2,3,22.8739453125,290997,43.24809818662743,1006.411272969826,57.09329246733867
1708126375.31464,1,2,3,22.844453125,292017,43.36033413385391,1006.4088413121243,57.11364901831115
1708126376.3277218,1,2,3,22.81671875,292274,43.54803482708606,1006.4195136460909,57.02430618439557
1708126377.3417313,1,2,3,22.792890625,292530,43.81169078656099,1006.4164909106714,57.0496107633534
1708126378.3551126,1,2,3,22.7700390625,294861,43.93082570763153,1006.4083532378686,57.11773492239249
1708126379.368537,1,2,3,22.755,294861,43.9639099484029,1006.4117072304867,57.0896570711768
1708126380.3808012,1,2,3,22.739765625,294861,44.14786471257341,1006.4265608886848,56.96531101626809
1708126381.393323,1,2,3,22.7266796875,295123,44.361322759922594,1006.456868715591,56.711596396297764
1708126382.405638,1,2,3,22.677265625,297761,44.460321558807216,1006.4681121165293,56.6174765662562
1708126383.418179,1,2,3,22.6165234375,298295,44.447538545832785,1006.4720512244759,56.58450203227995
1708126384.4307199,1,2,3,22.5489453125,299637,44.47468355031009,1006.4728822559297,56.577545426189694
1708126385.4432082,1,2,3,22.48234375,298830,44.513576321956066,1006.4685837719616,56.61352830183097
1708126386.4557517,1,2,3,22.3985546875,301536,44.60868529053339,1006.4876150903691,56.45421690032925
1708126387.468723,1,2,3,22.32453125,302632,44.47805344671927,1006.4741185803854,56.56719610060703
1708126388.4812684,1,2,3,22.2559765625,304291,44.510909033145936,1006.4681460058267,56.61719287625205
1708126389.494189,1,2,2,22.1891796875,304291,44.52652510754925,1006.4549902939278,56.72732096770139
1708126390.5070155,1,2,2,22.1204296875,302907,44.827078701931654,1006.46384603459,56.65318833908564
1708126391.5181918,1,2,2,22.0454296875,304848,45.133227442889336,1006.531342157246,56.08818632338771
1708126392.5292542,1,2,2,21.9551953125,306532,45.268708297094925,1006.5798156258693,55.68243960920568
1708126393.5403028,1,2,2,21.8676953125,306532,45.3870621809413,1006.6193567851388,55.35147242305752
1708126394.5515354,1,2,2,21.7876171875,307097,45.442053067775035,1006.644392380022,55.141925071794915
1708126395.5625823,1,2,2,21.694453125,308805,45.618309831096425,1006.6725907684346,54.9059102647097
1708126396.5753722,1,2,2,21.59796875,310244,45.69484440541428,1006.6630758347998,54.9855477361689
1708126397.5881956,1,2,2,21.4946484375,311404,45.78231201307932,1006.660523669093,55.00690879004801
1708126398.6012044,1,3,3,21.3860546875,312280,45.857488155019084,1006.6473241747497,55.117386293611084
1708126399.6141138,1,3,3,21.2837109375,309667,45.94512552372427,1006.6412702763404,55.168056777233105
1708126400.6269586,1,3,3,21.185859375,312867,45.9981684121906,1006.6225345020101,55.324874772378486
1708126401.6398625,1,3,4,21.09328125,309667,46.104571229256564,1006.604249629757,55.47792100635591
1708126402.6527317,1,3,4,21.0200390625,311404,46.18982374416257,1006.5781746297752,55.69617529287207
1708126403.6656287,1,3,4,20.9337109375,311696,46.34984204440802,1006.5619751455748,55.831771342144606
1708126404.6787288,2,3,4,20.8489453125,312573,46.551274753866224,1006.5500746289026,55.93138446950774
1708126405.6920173,2,3,4,20.7563671875,313751,46.68732225738334,1006.540095950774,56.01491160620348
1708126406.705466,2,3,4,20.663984375,314641,46.9058384289481,1006.5506287006206,55.92674659789513
1708126407.7187572,2,3,3,20.582734375,314938,47.07877595352082,1006.5378427874416,56.03377194072261
1708126408.7321548,2,3,3,20.50109375,315236,47.257705862018625,1006.5058431198058,56.30163212756496
1708126409.7451434,2,3,3,20.4192578125,316735,47.49578371949571,1006.5139086369455,56.23411730987597
1708126410.758103,2,3,4,20.3454296875,319470,47.69372990382323,1006.5237056184935,56.15210934196644
1708126411.77173,2,3,4,20.2762890625,319164,47.89834312970543,1006.5178372020526,56.20123224215185
1708126412.7846332,2,3,4,20.2065625,317642,48.0734896410666,1006.510957263972,56.258822607119676
1708126413.7975538,2,4,4,20.147578125,320392,48.29748745900581,1006.4818377526244,56.50257880812766
1708126414.8114326,2,4,4,20.0969921875,319164,48.510881187820765,1006.4618725451453,56.669708646152436
1708126415.8251326,2,4,4,20.0659375,319777,48.619942661530544,1006.4295118182928,56.94060775312938
1708126416.8383625,2,4,5,20.042109375,320084,49.051080028841895,1006.4144298622377,57.066864694724245
1708126417.8512802,2,4,5,20.0188671875,319777,49.525092599354366,1006.4188512258386,57.02985157535278
1708126418.8641336,2,4,5,19.981171875,320392,49.85501590437481,1006.397124040595,57.21174037079255
1708126419.8770993,3,4,6,19.94640625,320084,49.98233937133524,1006.3803518856231,57.35215038145996
1708126420.8900833,3,4,6,19.93,320392,50.18985390507385,1006.3509000497764,57.5987143734236
1708126421.903001,3,4,6,19.9216015625,321630,50.380600238806515,1006.331636811902,57.759984928368695
1708126422.9159083,2,3,5,19.9106640625,321940,50.6132551122532,1006.3131244331436,57.91497169575085
1708126423.9287984,2,3,5,19.895625,323190,50.82165086253737,1006.3028141652553,58.00129089011934
1708126424.9417562,2,3,5,19.8844921875,323190,51.01873236978149,1006.2907017815813,58.10269859781494
1708126425.9546757,2,4,6,19.8669140625,321940,51.12488458202118,1006.2861887577377,58.14048294120028
1708126426.9676468,3,5,7,19.828046875,323504,51.16218423085452,1006.2944330562837,58.07145938839424
1708126427.980579,3,5,7,19.786640625,324450,51.40406055841854,1006.3202427852048,57.85537614368322
1708126428.9934943,3,5,7,19.7485546875,325719,51.38120755064086,1006.3449334611392,57.64866599213458
1708126430.006426,3,5,7,19.7251171875,326038,51.33608337968371,1006.3439477493233,57.65691828527944
1708126431.0200114,3,5,7,19.7012890625,326357,51.39338126003341,1006.3692131624556,57.445400521475015
1708126432.0339446,3,5,7,19.6860546875,327964,51.475893309585565,1006.4039780072883,57.154362151262305
1708126433.0476463,3,5,7,19.66828125,328288,51.52795546859166,1006.4058455253695,57.13872821381899
1708126434.061236,3,5,7,19.6403515625,327642,51.50636061738786,1006.4056534141283,57.140336473003174
1708126435.074823,3,5,6,19.6079296875,328936,51.58676316418294,1006.4012153748355,57.17748958644945
1708126436.0877151,3,5,6,19.5747265625,330569,51.54640307607188,1006.3904046918719,57.26799193847115
1708126437.101636,3,5,6,19.54171875,330897,51.51814344870023,1006.3883297891008,57.28536221516998
1708126438.1154473,4,6,8,19.5065625,331556,51.58613483210952,1006.3910204736277,57.262836859371404
1708126439.1282454,4,6,8,19.472578125,332881,51.60601563900146,1006.3973715351748,57.20966845584054
1708126440.141414,4,6,8,19.4341015625,332549,51.577067220989235,1006.3961090555312,57.22023738030283
1708126441.1525917,4,6,8,19.3934765625,332549,51.59008465194199,1006.4012898211366,57.17686635701001
1708126442.1636329,4,6,8,19.3508984375,336582,51.54856991365305,1006.4014733303758,57.17533010408452
1708126443.1746383,4,6,8,19.3137890625,333883,51.7008042128752,1006.4058682056793,57.1385383456306
1708126444.1857955,4,6,8,19.273359375,334890,51.6293652168949,1006.3979080692031,57.20517683211991
1708126445.1971493,4,6,8,19.2337109375,334890,51.642510362711526,1006.3862221694224,57.30300641474354
1708126446.210996,4,6,8,19.193671875,336923,51.62544206679875,1006.3738690524332,57.4064226675446
1708126447.2249887,4,6,7,19.154609375,338292,51.692966327760764,1006.3665262002185,57.46789511036508
1708126448.2391346,4,6,7,19.11203125,335565,51.57906365732017,1006.3565830722769,57.55113696195022
1708126449.2530468,4,6,7,19.06671875,337606,51.60356731343013,1006.3655282744875,57.47624951223402
1708126450.2670712,4,7,8,19.0175,337948,51.814661031359165,1006.3527213037036,57.58346708518882
1708126451.28266,4,7,8,18.9633984375,338980,51.89243888094751,1006.3517957537582,57.59121565966956
1708126452.295853,4,7,8,18.9126171875,342466,52.01900326579301,1006.3548033363301,57.56603662079966
1708126453.3090816,4,7,7,18.858515625,338292,52.1391796419339,1006.3588926634309,57.53180147360057
1708126454.3227344,4,7,7,18.8098828125,343172,52.24195793814248,1006.365516484254,57.47634821736349
1708126455.3368843,4,7,7,18.7675,342466,52.36373277991869,1006.3608841211962,57.51512937052075
1708126456.3498096,4,7,7,18.72921875,342466,52.534566356288266,1006.363195648132,57.49577774313517
1708126457.3623793,4,7,7,18.6909375,342819,52.699481407952746,1006.3655004285316,57.47648263218802
1708126458.3751583,4,7,7,18.65109375,342114,52.72477672127056,1006.3651501509268,57.479415076395284
1708126459.3890698,4,7,7,18.610859375,341763,52.85924593617305,1006.3607720983201,57.51606720388159
1708126460.4017653,4,7,7,18.56984375,343526,52.86619953835155,1006.3533839388141,57.57791960041754
1708126461.4152632,4,7,7,18.52921875,345665,52.89141337347138,1006.3449723008924,57.648340829249435
1708126462.427744,4,7,7,18.489375,343526,52.849963704513044,1006.3378787804702,57.70772730611809
1708126463.4404433,4,7,7,18.4520703125,345307,52.93022623054377,1006.326688730518,57.801410342335515
1708126464.4533527,4,7,7,18.414375,344592,52.876906203874015,1006.31483161533,57.900678965427964
1708126465.4662557,4,8,8,18.3801953125,345665,52.99400172637893,1006.3072509547995,57.96414529815649
1708126466.4793103,4,8,8,18.34875,348560,53.03253739912243,1006.3093377050062,57.94667469976347
1708126467.491849,4,8,8,18.318671875,347469,53.05302949461063,1006.3120592745746,57.923889338684596
1708126468.5046859,3,6,6,18.286640625,347469,53.10972693334986,1006.319857630439,57.85860068899016
1708126469.5177789,3,6,6,18.2596875,350393,53.19747106339801,1006.3261904005759,57.80558237747013
1708126470.5304072,3,6,6,18.23390625,349291,53.27932010537525,1006.3194011503791,57.86242237643101
1708126471.5432475,3,7,7,18.213203125,351132,53.34359619756222,1006.3145068840548,57.90339765239707
1708126472.5561416,3,7,7,18.203046875,349291,53.46400404632016,1006.3123903389184,57.92111762509845
1708126473.5690758,3,7,7,18.206953125,349291,53.59236840042164,1006.307265838331,57.96402069080389
1708126474.582043,3,7,7,18.216328125,349291,54.124253950525706,1006.3080574445111,57.95739323694967
1708126475.5932183,3,7,7,18.2153515625,350393,54.41145683066655,1006.3097582200675,57.9431540855971
1708126476.6042902,3,7,7,18.199140625,352993,54.64812104445333,1006.3292626800151,57.77986117670513
1708126477.6153498,3,7,7,18.173359375,350762,54.64479168903502,1006.3426056314534,57.66815438927031
1708126478.6264029,3,7,7,18.15890625,351874,54.77160139156193,1006.3365568922068,57.71879410339998
1708126479.63746,3,7,7,18.14796875,351503,54.623139109646054,1006.3364692187033,57.7195281029873
1708126480.6504335,3,6,6,18.1446484375,350762,54.63496013321049,1006.3308387083083,57.76666665285782
1708126481.6633437,3,6,6,18.1440625,354874,54.665511730359015,1006.3248106734194,57.81713350862685
1708126482.676264,3,6,6,18.1434765625,351874,54.63480888653682,1006.31710451249,57.88165003318856
1708126483.6891649,3,6,6,18.1438671875,353743,54.69611874592381,1006.3076980925605,57.96040178857094
1708126484.7021015,3,6,6,18.1462109375,353743,54.794478819211726,1006.304959912746,57.98332629355437
1708126485.714959,3,6,6,18.1466015625,354119,54.923307741427706,1006.2989097323543,58.03397960717948
1708126486.7281597,3,5,6,18.1469921875,353368,54.941762520184504,1006.2895032568615,58.112732980691646
1708126487.742353,3,5,6,18.147578125,354874,54.98478858693586,1006.2804279618899,58.18871419273067
1708126488.7552123,3,5,6,18.13625,354496,55.01400357608272,1006.2679314970093,58.2933394188331
1708126489.7680979,3,5,6,18.1247265625,355632,55.22743347035578,1006.270206482402,58.274292284927085
1708126490.7810814,3,5,6,18.121796875,355632,55.300797105029325,1006.2685947286418,58.28778656124391
1708126491.7940981,3,5,6,18.137421875,356393,55.4381096560146,1006.271596752407,58.26265237726831
1708126492.8070238,2,4,6,18.1579296875,357157,55.55154404761571,1006.2811993233571,58.182256091346645
1708126493.820016,2,4,6,18.1801953125,357541,55.665282429398964,1006.2937812867823,58.07691616666548
1708126494.8329916,2,4,6,18.196796875,357157,55.648980197067985,1006.2950795048797,58.06604716090556
1708126495.8459246,2,4,6,18.2055859375,357157,55.674766962407816,1006.2646685060545,58.32065861143922
1708126496.8588521,3,5,7,18.2188671875,356012,55.72578945436463,1006.2519428337156,58.42720421175024
1708126497.8717284,3,5,7,18.2301953125,359470,55.69647095354442,1006.2275126202464,58.63174905640497
1708126498.88471,3,6,7,18.2536328125,356775,55.69338281054871,1006.2303249354694,58.608202410590025
1708126499.8976552,3,6,7,18.28,359470,55.733806975302315,1006.2381019700492,58.54308798207705
1708126500.9105334,3,6,7,18.3048046875,360248,55.75554883091064,1006.2314777412465,58.59855033965682
1708126501.923466,3,6,7,18.3352734375,359083,55.82118915639073,1006.2277379257964,58.62986264073523
1708126502.9364328,3,6,7,18.3684765625,359470,55.85021677167608,1006.2286289953677,58.62240198631115
1708126503.949391,3,6,7,18.390546875,359083,55.846953469931535,1006.2240737122312,58.66054204235325
1708126504.9623246,3,6,8,18.4034375,362997,55.85481570344744,1006.2157070037532,58.730594414449996
1708126505.975203,3,6,8,18.41125,360248,55.8003519725266,1006.2188772536614,58.70405064384591
1708126506.9881172,3,6,8,18.414765625,361814,55.726850178370626,1006.2248366541946,58.654154142243954
1708126508.0010526,3,6,8,18.4169140625,363393,55.6347176599823,1006.220084318925,58.69394418285487
1708126509.0143309,3,6,8,18.416328125,364188,55.55458466161424,1006.2039815578988,58.828769454066325
1708126510.0281925,3,6,8,18.4157421875,363790,55.443717099503075,1006.1861999997486,58.977652995302876
1708126511.0414188,3,6,8,18.4128125,364586,55.37566066297566,1006.1711610636562,59.10357444782175
1708126512.0525937,3,6,8,18.411640625,362601,55.375507462769974,1006.1540652952187,59.246719668670806
1708126513.063634,3,6,8,18.4075390625,365788,55.33806928615927,1006.1471131049078,59.30493187777529
1708126514.0746672,3,7,9,18.3989453125,365386,55.281607921578455,1006.1409405986379,59.35661589491806
1708126515.0856946,3,7,9,18.3946484375,364986,55.231871185645325,1006.1235846890019,59.5019428633331
1708126516.0967193,3,7,9,18.3899609375,367402,55.1636645317551,1006.117318178792,59.55441499570156
1708126517.112378,4,7,9,18.378046875,367807,55.08840104918564,1006.1155900485031,59.56888540585374
1708126518.1265764,4,7,9,18.3653515625,368622,54.994652714165696,1006.1091797159174,59.62256217207826
1708126519.1395886,4,7,9,18.3534375,367807,54.90719059128935,1006.0990571691026,59.707323639042215
1708126520.1524854,4,7,9,18.344453125,368214,54.85081587504074,1006.088864363916,59.79267411443191
1708126521.1654286,4,7,9,18.3301953125,368622,54.82443546020129,1006.0747686930064,59.9107067805644
1708126522.1784172,4,7,9,18.3180859375,370673,54.7738139369787,1006.0643144298848,59.998248320577325
1708126523.1927702,4,8,9,18.3141796875,369030,54.90209534089546,1006.0694431455657,59.95530156995954
1708126524.205809,4,8,9,18.3157421875,371500,54.945247033099946,1006.0687345289501,59.9612353609616
1708126525.2188041,4,8,9,18.31984375,371086,55.01329116673753,1006.0656154091299,59.987354186307186
1708126526.2316916,4,8,10,18.31984375,370261,55.093108922869575,1006.0672939874931,59.97329813105971
1708126527.2447171,4,8,10,18.324921875,371500,55.14290558919529,1006.089330354298,59.788772082009245
1708126528.2562284,4,8,10,18.3372265625,371915,55.23052854433491,1006.1068304079781,59.6422341151255
1708126529.2673736,4,8,10,18.34875,369850,55.23817698979392,1006.1129342528689,59.591123613330076
1708126530.2797651,4,8,10,18.3548046875,372331,55.300437995988645,1006.1265546687441,59.47707406303682
1708126531.2909205,4,8,10,18.36125,373584,55.30742760549671,1006.1441947055677,59.32936837041113
1708126532.303845,4,8,10,18.377265625,372331,55.3218161268198,1006.1562341031405,59.228559832526805
1708126533.3177233,4,8,10,18.3930859375,371500,55.29313895590197,1006.156190483654,59.22892506636986
1708126534.331824,4,8,10,18.403046875,372331,55.28214337773144,1006.1596444059161,59.20000479085572
1708126535.344794,4,7,9,18.4118359375,373165,55.246406677083385,1006.1560751743066,59.229890572432325
1708126536.3576732,4,7,9,18.4196484375,375268,55.32120290170293,1006.1558867651661,59.23146815650111
1708126537.3718946,4,7,9,18.411640625,380024,55.40011298906617,1006.1658170478132,59.14832041601955
1708126538.384393,3,6,8,18.3997265625,378536,55.41701091288219,1006.1842346069434,58.99410920027978
1708126539.3971155,3,6,8,18.39015625,380024,55.40960724589521,1006.1965512327713,58.89098270336312
1708126540.4096131,3,6,8,18.3735546875,374424,55.36437913454871,1006.2103778602246,58.77521425552397
1708126541.4224887,3,7,9,18.3594921875,379173,55.26416426512162,1006.2268281587312,58.63747984910289
1708126542.4349892,4,8,10,18.3503125,374003,55.03566922980687,1006.2213385815492,58.68344256035653
1708126543.446172,4,8,10,18.3622265625,380024,54.94514747184627,1006.2129978633648,58.753277475152046
1708126544.4572217,4,8,10,18.37453125,379173,54.952882755492915,1006.2153907588868,58.733242263424714
1708126545.468265,4,8,10,18.3925,378748,55.04729686380941,1006.2189906977395,58.70310080402407
1708126546.4796064,4,8,10,18.4133984375,380024,54.939522728662936,1006.2325920908327,58.589220258513244
1708126547.4907677,4,7,9,18.408515625,378960,54.77940241327223,1006.2293515292057,58.61635243423629
1708126548.503597,4,7,9,18.39171875,379385,54.72205140514536,1006.234454103459,58.573630260272466
1708126549.5170581,4,7,9,18.3844921875,381309,54.90508730459226,1006.2356338708975,58.563752480973854
1708126550.530072,4,8,10,18.3829296875,382170,55.027632501058534,1006.2514514112636,58.43131866458132
1708126551.5412784,4,8,10,18.36984375,379811,55.35159403079957,1006.2695572020145,58.27972832967389
1708126552.5523064,4,8,10,18.36125,381954,55.41197975175247,1006.2919198463542,58.09250063008835
1708126553.5633318,4,8,10,18.3626171875,384340,55.45522635106194,1006.3160608194859,57.89038793562605
1708126554.5743947,4,8,10,18.3497265625,383469,55.478154339516436,1006.3479241210861,57.62362848857882
1708126555.5854416,4,8,10,18.3352734375,382386,55.445497272128634,1006.3603498606724,57.519602094704
1708126556.5982978,4,8,10,18.3192578125,380665,55.3818875809537,1006.3734820611575,57.40966244846529
1708126557.6129522,4,8,10,18.32375,383687,55.22262617359047,1006.367669853555,57.45832071916031
1708126558.625846,4,8,10,18.3325390625,383469,55.002664323339964,1006.3422847583143,57.670840715449934
1708126559.6372073,4,8,10,18.3399609375,382602,55.10186809173735,1006.3330458344124,57.74818860026525
1708126560.6484919,4,8,10,18.3469921875,384996,55.145779588592355,1006.3265015218145,57.80297765974042
1708126561.6599066,4,8,10,18.344453125,385435,55.317531968053736,1006.3305900746033,57.76874821548665
1708126562.6712065,4,8,9,18.3368359375,385874,55.439548908056274,1006.3344621794178,57.73633098175329
1708126563.6848378,4,8,9,18.3290234375,383035,55.493908002041806,1006.3329669386479,57.74884911478527
1708126564.6989412,4,8,9,18.323359375,384340,55.49932130853948,1006.3216852287123,57.8432999046356
1708126565.7130544,3,8,9,18.31359375,384559,55.35654732849621,1006.3168782820863,57.88354405617967
1708126566.7241938,3,8,9,18.3012890625,384122,55.31804702448501,1006.3279087314324,57.7911964604713
1708126567.735202,3,8,9,18.2907421875,384996,55.15688433868897,1006.3318474059045,57.758221835779764
1708126568.7462153,4,7,9,18.2794140625,384777,55.17383930054308,1006.332782331495,57.75039464411051
1708126569.7572577,4,7,9,18.2637890625,384996,55.20866872774165,1006.3398586578259,57.69115187168068
1708126570.7687354,4,7,9,18.24640625,385654,55.15111399778799,1006.3439529942349,57.65687437532116
1708126571.781129,3,6,7,18.2309765625,387420,55.10611484777145,1006.3530359646716,57.5808327889591
1708126572.7921636,3,6,7,18.216328125,387420,55.073508964362624,1006.361763891182,57.50776411316998
1708126573.8031754,3,6,7,18.2065625,387199,55.10908186699463,1006.3653440274965,57.477791985878795
1708126574.814192,3,6,7,18.1981640625,390550,55.10799020526458,1006.3745985984611,57.40031511839188
1708126575.8255033,3,6,7,18.1883984375,391227,55.14356877916038,1006.3781776596293,57.3703523013907
1708126576.839429,3,6,7,18.1735546875,391454,55.25836822323792,1006.3848922668124,57.31413987480399
1708126577.852307,3,6,6,18.1579296875,391001,55.373132509146686,1006.396993429449,57.21283378959623
1708126578.865181,3,6,6,18.1450390625,388087,55.322265628477034,1006.3885579939058,57.2834517721333
1708126579.8789046,3,6,6,18.133515625,387642,55.44990266349092,1006.38579697604,57.306565977517295
1708126580.8928945,3,5,7,18.12375,391907,55.51630638501424,1006.3709137427775,57.43116370520411
1708126581.9057739,3,5,7,18.1118359375,389875,55.533211924348436,1006.3691676477933,57.44578155866022
1708126582.918704,3,5,7,18.101484375,393960,55.599566226494716,1006.3667147965285,57.4663162267232
1708126583.9316218,3,5,6,18.09171875,389875,55.475207440757636,1006.3719672803871,57.42234377204675
1708126584.9448552,3,5,6,18.0784375,391907,55.221413129873426,1006.3712568227119,57.42829153156231
1708126585.9587016,3,5,6,18.070625,391454,55.324868155524406,1006.3781425804177,57.37064597351535
1708126586.972783,2,5,6,18.0598828125,393045,55.39724728530149,1006.3733474350271,57.41078950038547
1708126587.9839334,2,5,6,18.055,391680,55.69200846490705,1006.3801674127866,57.353694727411515
1708126588.9949598,2,5,6,18.0606640625,393502,55.661957028535426,1006.3830620619559,57.32946170245459
1708126590.0059497,2,5,6,18.064375,390776,55.680917372509775,1006.3859999845569,57.3048664646475
1708126591.0170112,2,5,6,18.062421875,393960,55.74225807342003,1006.3793316087081,57.360691807304015
1708126592.0280573,2,5,6,18.062421875,393045,55.79154950964798,1006.3843654006973,57.31855060923639
1708126593.040494,2,5,7,18.057734375,389203,55.883390741625846,1006.396550393021,57.21654269567465
1708126594.053417,2,5,7,18.0520703125,392134,55.90730995714534,1006.4070788041472,57.12840382692464
1708126595.0672104,2,5,7,18.0446484375,391001,55.90633621014133,1006.4112697113769,57.09331974532155
1708126596.0800545,2,5,7,18.043671875,393502,55.875381366041125,1006.404579728558,57.14932483592074
1708126597.093034,2,5,7,18.04328125,394419,55.96782532721942,1006.4123066125652,57.08463936959299
1708126598.105922,2,5,7,18.0426953125,396964,56.07263082867611,1006.4280916294717,56.952496642804135
1708126599.1188295,2,5,6,18.0534375,393045,56.17281116266248,1006.4463116667606,56.79997146719992
1708126600.132715,2,5,6,18.0727734375,393045,56.39778078586528,1006.4723961506241,56.58161463758255
1708126601.1465042,2,5,6,18.0985546875,392134,56.5186873370497,1006.489276355226,56.4403105474382
1708126602.1603246,2,5,7,18.1180859375,396266,56.515086236184324,1006.5005886588016,56.34561639680357
1708126603.1728904,2,5,7,18.1315625,393502,56.677781880730784,1006.5234462838796,56.154280155807115
1708126604.18579,2,5,7,18.135859375,395110,56.8394007085003,1006.5659750072658,55.79829076353248
1708126605.1987243,2,5,7,18.1337109375,398600,56.87010143263429,1006.5992496980581,55.51977133335449
1708126606.2119262,2,5,7,18.1368359375,396266,56.85192456467502,1006.6179755070876,55.36303381129081
1708126607.2248895,2,5,7,18.1559765625,397663,56.83587884670747,1006.6386956486589,55.18960621094899
1708126608.237946,3,5,7,18.16671875,397430,56.81871752823675,1006.6401349610592,55.17755927245297
1708126609.250928,3,5,7,18.167109375,396964,56.7815950942563,1006.6407975518825,55.17201344088292
1708126610.2638087,3,5,7,18.155390625,396964,56.72429096001316,1006.6528054391673,55.07150890822405
1708126611.2771606,3,6,6,18.141328125,398131,56.64193137947733,1006.6608365591153,55.00428996846029
1708126612.2919033,3,6,6,18.124921875,398600,56.57167528151517,1006.6648906434967,54.9703582215705
1708126613.305828,3,6,6,18.11671875,400014,56.46542260528608,1006.6543315021878,55.05873601885253
1708126614.3198206,3,6,6,18.1098828125,400487,56.39650157285191,1006.6611941848294,55.00129671965256
1708126615.331661,3,6,6,18.1055859375,399070,56.093247356157505,1006.6237000672133,55.31511894981599
1708126616.3443289,3,6,6,18.10578125,398835,56.05007151667648,1006.5955044142876,55.55112014194695
1708126617.3573163,4,6,6,18.10421875,400014,55.88948978700024,1006.5710393300428,55.75590033811603
1708126618.370181,4,6,6,18.1001171875,399070,55.839632661861714,1006.535555475445,56.052918155105345
1708126619.3828833,4,6,6,18.1001171875,398600,55.901283221476476,1006.5103849230701,56.263613554341546
1708126620.3955708,4,6,6,18.1094921875,400724,55.9456818947365,1006.5011154036368,56.34120708999002
1708126621.4085045,4,6,6,18.123359375,401675,56.01536056551336,1006.4977862558698,56.36907494839062
1708126622.4212348,4,6,6,18.128046875,399306,56.07151492339291,1006.4956680027029,56.38680660609747
1708126623.4342704,3,6,6,18.131953125,402153,56.078200913128235,1006.4989370473802,56.359441815467086
1708126624.4477696,3,6,6,18.133515625,401437,56.05371995927388,1006.4931965462155,56.40749492705098
1708126625.4613047,3,6,6,18.1352734375,400014,56.0477800719828,1006.4961778964711,56.38253834026577
1708126626.4747581,4,6,6,18.1497265625,403351,56.04351060268035,1006.4871280458141,56.45829392590402
1708126627.4876502,4,6,6,18.163203125,401437,56.07614227135547,1006.4965590214392,56.37934798534036
1708126628.4988277,4,6,6,18.16671875,401914,56.11364200589849,1006.5025215562466,56.32943639372582
1708126629.5098813,4,6,6,18.1591015625,400487,56.06325845786199,1006.4996718725957,56.3532906894414
1708126630.5209289,4,6,6,18.150703125,400962,56.0806689119258,1006.5038878093436,56.317999703156836
1708126631.5319555,4,6,6,18.1438671875,401199,56.13532667871863,1006.5090752783915,56.274576327159295
1708126632.5431576,4,7,8,18.1387890625,403111,56.23964340783429,1006.5306689276144,56.09382169709633
1708126633.5560622,4,7,8,18.1372265625,400724,56.23943730648605,1006.5498345025345,55.93339445411283
1708126634.5690503,4,7,8,18.136640625,403111,56.196123767100374,1006.5639438714082,55.81529223887422
